coffee	hot, no small talk
water	clear and cold
bread	plain loaf, no lecture
salt	keep it dry
steel	cold and quiet
glass	see through, don't drop
paper	flat sheet for notes
phone	screen first, talk later
keys	metal that opens doors
door	hinged wall that opens
window	glass that looks out
chair	seat with four legs
table	flat top for work
lamp	light on a stand
clock	hands that mark time
bag	carry the load
coat	wear it outside
boot	heavy shoe for weather
hat	cover the head
cup	holds the drink
rice	grain cooked plain
bean	small and protein dense
apple	crisp fruit, no sermon
lemon	sour and bright
pepper	heat on the tongue
onion	layers that sting
egg	shell first, then food
milk	cold white drink
honey	sweet from the hive
soup	hot liquid meal
python	indent is the law
code	text that runs
bug	defect to isolate
test	prove it or refuse
build	compile then ship
git	track the change
file	named bytes on disk
log	append only receipt
hash	fingerprint the bytes
seed	private start value
gate	phrase that unlocks write
claim	one exact statement
fact	noted and packed
tone	how the seat says it
grid	rows and columns
left	port side of the grid
right	starboard side of the grid
near	close to the speaker
far	away from the speaker
above	higher than the mark
below	lower than the mark
north	up on the map
south	down on the map
east	right on the map
west	left on the map
center	middle of the grid
edge	boundary of the frame
inside	contained by the wall
outside	beyond the wall
before	earlier in the tape
after	later in the tape
now	this moment only
later	not yet, then yes
early	near the start
late	near the end
today	this calendar day
yesterday	the day already done
tomorrow	the day not yet here
wait	hold until the signal
help	say the trigger then the claim
stop	halt the current act
go	begin the next act
open	unseal the thing
close	seal the thing
lock	deny the write
unlock	allow the write
read	look then keep
write	put the claim down
learn	store the lesson
forget	drop the unused key
check	verify before trust
refuse	do not invent an answer
ask	request the missing fact
tell	state the known claim
rider	signed seat identity
chamber	gated write room
warrant	cap on the write
pack	compress the fact
vote	peers decide the line
heal	copy a healthy book
mutate	change without cloning
frame	where the seat looks
seat	one cell on the lattice
swarm	nine seats, three laws
rain	water falling outside
wind	air that moves
snow	cold white fall
sun	daylight source
moon	night light in orbit
fire	heat that consumes
ice	frozen water
rock	hard mineral mass
tree	wood with leaves
river	water that runs
hand	grip and point
eye	look at the thing
ear	hear the sound
foot	stand and walk
head	think and face
sleep	rest until morning
eat	take in food
drink	take in liquid
walk	move on foot
run	move fast on foot
map	drawing of the place
path	way from here to there
wall	solid upright barrier
floor	surface you stand on
roof	cover over the room
wire	thin metal line
bolt	fastener that holds
nail	pin driven into wood
rope	twisted line for load
box	container with sides
bin	place to put scrap
ink	dark fluid for marks
pen	tool that writes
book	bound pages of text
page	one leaf of a book
note	short written fact
list	ordered set of items
rule	constraint that holds
law	rule that binds
cost	price of the act
time	order of events
name	word that points
word	token that means
line	row of text
mark	visible sign
sign	mark that means
light	what lets you see
dark	absence of light
loud	high sound level
quiet	low sound level
fast	high speed
slow	low speed
hard	resists the push
soft	gives to the push
full	no room left
empty	nothing inside
yes	affirm the claim
no	deny the claim
maybe	hold the claim open
status	print gen and last key
ready	set to take the next act
done	the work is finished
